Date,Open,High,Low,Close,Adj Close,Volume,Days
2019-07-25,9.8,9.8,9.8,9.8,9.8,100,0
2019-07-26,9.8,9.8,9.8,9.8,9.8,0,1
2019-07-29,9.8,9.8,9.8,9.8,9.8,0,2
2019-07-30,9.8,9.8,9.8,9.8,9.8,0,3
2019-07-31,9.8,9.8,9.8,9.8,9.8,0,4
2019-08-01,9.8,9.8,9.8,9.8,9.8,0,5
2019-08-02,9.8,9.8,9.8,9.8,9.8,0,6
2019-08-05,9.8,9.8,9.8,9.8,9.8,0,7
2019-08-06,9.8,9.8,9.8,9.8,9.8,0,8
2019-08-07,9.76,9.76,9.76,9.76,9.76,150000,9
2019-08-08,9.76,9.76,9.76,9.76,9.76,150000,10
2019-08-09,9.76,9.76,9.76,9.76,9.76,150000,11
2019-08-12,9.76,9.76,9.76,9.76,9.76,150000,12
2019-08-13,9.77,9.78,9.77,9.78,9.78,320000,13
2019-08-14,9.77,9.78,9.77,9.78,9.78,320000,14
2019-08-15,9.77,9.78,9.77,9.78,9.78,320000,15
2019-08-16,9.78,9.78,9.78,9.78,9.78,0,16
2019-08-19,9.78,9.78,9.78,9.78,9.78,0,17
2019-08-20,9.84,9.85,9.84,9.85,9.85,1000,18
2019-08-21,9.85,9.85,9.85,9.85,9.85,0,19
2019-08-22,9.85,9.85,9.85,9.85,9.85,0,20
2019-08-23,9.85,9.85,9.85,9.85,9.85,0,21
2019-08-26,9.85,9.85,9.85,9.85,9.85,0,22
2019-08-27,9.85,9.85,9.85,9.85,9.85,99100,23
2019-08-28,9.85,9.85,9.85,9.85,9.85,97400,24
2019-08-29,9.85,9.85,9.85,9.85,9.85,0,25
2019-08-30,9.85,9.85,9.85,9.85,9.85,0,26
2019-09-03,9.85,9.85,9.85,9.85,9.85,0,27
2019-09-04,9.85,9.85,9.85,9.85,9.85,0,28
2019-09-05,9.85,9.85,9.85,9.85,9.85,0,29
2019-09-06,9.85,9.85,9.85,9.85,9.85,0,30
2019-09-09,9.85,9.85,9.85,9.85,9.85,0,31
2019-09-10,9.85,9.85,9.85,9.85,9.85,0,32
2019-09-11,9.85,9.85,9.85,9.85,9.85,0,33
2019-09-12,9.85,9.85,9.85,9.85,9.85,0,34
2019-09-13,9.85,9.85,9.85,9.85,9.85,0,35
2019-09-16,9.85,9.85,9.85,9.85,9.85,0,36
2019-09-17,9.85,9.85,9.85,9.85,9.85,0,37
2019-09-18,9.85,9.92,9.85,9.9,9.9,88800,38
2019-09-19,9.9,9.9,9.9,9.9,9.9,0,39
2019-09-20,9.84,9.85,9.84,9.85,9.85,290000,40
2019-09-23,9.85,9.85,9.85,9.85,9.85,0,41
2019-09-24,9.85,9.85,9.85,9.85,9.85,26500,42
2019-09-25,9.85,9.85,9.85,9.85,9.85,0,43
2019-09-26,9.85,9.85,9.85,9.85,9.85,25000,44
2019-09-27,9.85,9.85,9.85,9.85,9.85,0,45
2019-09-30,9.85,9.85,9.85,9.85,9.85,0,46
2019-10-01,9.906,9.92,9.906,9.92,9.92,2500,47
2019-10-02,9.92,9.92,9.92,9.92,9.92,0,48
2019-10-03,9.89,9.89,9.89,9.89,9.89,100000,49
2019-10-04,9.92,9.92,9.896,9.92,9.92,900,50
2019-10-07,9.92,9.92,9.92,9.92,9.92,0,51
2019-10-08,9.92,9.92,9.92,9.92,9.92,0,52
2019-10-09,9.92,9.92,9.92,9.92,9.92,35800,53
2019-10-10,9.92,9.92,9.92,9.92,9.92,100,54
2019-10-11,9.92,9.92,9.92,9.92,9.92,0,55
2019-10-14,9.92,9.92,9.92,9.92,9.92,0,56
2019-10-15,9.85,9.95,9.85,9.95,9.95,6200,57
2019-10-16,9.85,9.95,9.85,9.926,9.926,706300,58
2019-10-17,9.9,9.95,9.9,9.95,9.95,151000,59
2019-10-18,9.95,9.95,9.9,9.95,9.95,10400,60
2019-10-21,9.95,9.95,9.9,9.924,9.924,32700,61
2019-10-22,9.9,9.9,9.87,9.87,9.87,279900,62
2019-10-23,9.87,9.87,9.87,9.87,9.87,0,63
2019-10-24,9.87,9.87,9.87,9.87,9.87,0,64
2019-10-25,9.85,9.85,9.85,9.85,9.85,100000,65
2019-10-28,9.85,9.85,9.85,9.85,9.85,0,66
2019-10-29,9.93,9.93,9.93,9.93,9.93,17500,67
2019-10-30,9.9,9.912,9.85,9.881,9.881,7300,68
2019-10-31,10.15,10.15,10.07,10.08,10.08,1698200,69
2019-11-01,10.1,10.132,10.08,10.08,10.08,32800,70
2019-11-04,10.09,10.09,10.06,10.09,10.09,246500,71
2019-11-05,10.07,10.09,10.06,10.09,10.09,10100,72
2019-11-06,10.07,10.1,10.05,10.05,10.05,137700,73
2019-11-07,10.07,10.1,10.04,10.08,10.08,18500,74
2019-11-08,10.075,10.1,10.07,10.1,10.1,1600,75
2019-11-11,10.089,10.089,10.086,10.086,10.086,600,76
2019-11-12,10.086,10.086,10.086,10.086,10.086,100,77
2019-11-13,10.086,10.086,10.086,10.086,10.086,0,78
2019-11-14,10.05,10.1,10.04,10.09,10.09,2011300,79
2019-11-15,10.09,10.09,10.09,10.09,10.09,100,80
2019-11-18,10.05,10.09,10.04,10.04,10.04,16900,81
2019-11-19,10.04,10.04,10.04,10.04,10.04,0,82
2019-11-20,10.043,10.043,10.043,10.043,10.043,100,83
2019-11-21,10.043,10.043,10.043,10.043,10.043,100,84
2019-11-22,10.043,10.043,10.043,10.043,10.043,0,85
2019-11-25,10.09,10.09,10.04,10.04,10.04,255300,86
2019-11-26,10.09,10.09,10.04,10.04,10.04,96800,87
2019-11-27,10.04,10.062,10.04,10.05,10.05,168600,88
2019-11-29,10.05,10.05,10.05,10.05,10.05,0,89
2019-12-02,10.08,10.08,10.075,10.075,10.075,300,90
2019-12-03,10.075,10.075,10.075,10.075,10.075,0,91
2019-12-04,10.075,10.075,10.075,10.075,10.075,0,92
2019-12-05,10.06,10.06,10.06,10.06,10.06,100000,93
2019-12-06,10.06,10.065,10.06,10.065,10.065,2000,94
2019-12-09,10.084,10.084,10.06,10.06,10.06,7800,95
2019-12-10,10.09,10.09,10.09,10.09,10.09,10000,96
2019-12-11,10.084,10.084,10.08,10.08,10.08,2000,97
2019-12-12,10.074,10.074,10.074,10.074,10.074,1000,98
2019-12-13,10.09,10.09,10.09,10.09,10.09,125000,99
2019-12-16,10.08,10.09,10.08,10.08,10.08,24400,100
2019-12-17,10.1,10.1,10.086,10.09,10.09,22200,101
2019-12-18,10.1,10.15,10.09,10.14,10.14,225600,102
2019-12-19,10.15,10.307,10.15,10.18,10.18,292000,103
2019-12-20,10.19,10.19,10.17,10.17,10.17,8200,104
2019-12-23,10.8,10.85,10.66,10.84,10.84,9814600,105
2019-12-24,11,11.04,10.82,10.84,10.84,2934400,106
2019-12-26,10.95,10.95,10.72,10.74,10.74,1304600,107
2019-12-27,10.75,10.8,10.6,10.68,10.68,544900,108
2019-12-30,10.7,10.7,10.61,10.64,10.64,832200,109
2019-12-31,10.69,10.8,10.59,10.7,10.7,564800,110
2020-01-02,10.79,10.8,10.65,10.68,10.68,1194100,111
2020-01-03,10.66,10.75,10.61,10.68,10.68,467600,112
2020-01-06,10.75,10.9,10.692,10.8,10.8,2183500,113
2020-01-07,10.89,10.95,10.87,10.9,10.9,1977000,114
2020-01-08,10.94,11.35,10.884,11.26,11.26,2955700,115
2020-01-09,11.43,12.39,11.34,12.25,12.25,8279300,116
2020-01-10,12.41,12.63,11.982,12.39,12.39,2374700,117
2020-01-13,12.61,12.64,11.55,12,12,1674100,118
2020-01-14,12.14,12.28,11.82,11.94,11.94,594900,119
2020-01-15,12,13,11.99,12.7,12.7,3258200,120
2020-01-16,13.11,13.44,12.94,12.99,12.99,5473100,121
2020-01-17,13.23,13.67,12.76,13.57,13.57,3487800,122
2020-01-21,13.83,14.5,13.32,13.83,13.83,3281900,123
2020-01-22,14,14.39,13.72,14.27,14.27,2341800,124
2020-01-23,14.47,14.6,14.11,14.44,14.44,2901100,125
2020-01-24,14.6,14.717,14.16,14.36,14.36,1823200,126
2020-01-27,14.59,15.14,14.35,15,15,4655300,127
2020-01-28,15.35,15.75,14.3,15.08,15.08,5870300,128
2020-01-29,14.93,14.97,14,14.5,14.5,3475000,129
2020-01-30,14.77,14.89,14.36,14.67,14.67,1940600,130
2020-01-31,14.79,15,14.4,14.53,14.53,1098200,131
2020-02-03,14.84,14.87,14.04,14.51,14.51,1458500,132
2020-02-04,14.64,15.026,14.45,14.57,14.57,1403600,133
2020-02-05,14.81,14.9,13.85,14.25,14.25,1270100,134
2020-02-06,14.35,14.48,13.26,13.61,13.61,2912700,135
2020-02-07,13.64,14.74,13.5,14.5,14.5,1249400,136
2020-02-10,14.52,16.74,14.5,16.02,16.02,3305700,137
2020-02-11,16.389999,17.360001,16.299999,16.82,16.82,2388100,138
2020-02-12,17.07,18.690001,16.9,18.35,18.35,3997300,139
2020-02-13,18.48,18.65,17.25,17.91,17.91,1543000,140
2020-02-14,17.959999,18.299999,16.860001,17.33,17.33,1285400,141
2020-02-18,17.549999,17.77,16.65,17.290001,17.290001,1365500,142
2020-02-19,17.959999,18.360001,17.65,17.969999,17.969999,1684400,143
2020-02-20,18.129999,18.139999,16.75,17.65,17.65,1379800,144
2020-02-21,17.57,17.617001,16.85,16.950001,16.950001,579000,145
2020-02-24,16.440001,16.820999,15.8,16.639999,16.639999,1203700,146
2020-02-25,17.370001,17.822001,16.5,16.959999,16.959999,1852700,147
2020-02-26,17.389999,17.65,16.382,16.83,16.83,1415100,148
2020-02-27,16.309999,16.700001,15.94,16.17,16.17,1291200,149
2020-02-28,15.68,16.15,15.35,16.02,16.02,978800,150
2020-03-02,16.1,17.049999,16.1,16.66,16.66,829400,151
2020-03-03,17,17.049999,16.25,16.41,16.41,880600,152
2020-03-04,16.67,19.5,16.532,18.690001,18.690001,2632700,153
2020-03-05,17.790001,18.83,17.549999,17.940001,17.940001,2419900,154
2020-03-06,17.4,17.465,16.700001,16.83,16.83,2023800,155
2020-03-09,15,17.450001,14.5,17.01,17.01,2049500,156
2020-03-10,17.66,17.99,16.01,16.6,16.6,2385000,157
2020-03-11,16.25,16.75,13.501,14.5,14.5,3751300,158
2020-03-12,11,12.74,10.6,11.17,11.17,7176400,159
2020-03-13,12.29,12.45,11.23,12.45,12.45,2371900,160
2020-03-16,11,12,10.9,11.8,11.8,2838200,161
2020-03-17,11.46,13.04,11.27,12.89,12.89,2111200,162
2020-03-18,12,12.74,11.25,11.4,11.4,1711900,163
2020-03-19,11.4,12.5,11.4,11.4,11.4,1160300,164
2020-03-20,11.5,12.23,11.05,11.48,11.48,1663800,165
2020-03-23,11.36,11.96,10.92,11.3,11.3,1175000,166
2020-03-24,11.95,13.04,11.6,11.85,11.85,1779200,167
2020-03-25,12.22,13.49,11.8,13,13,3096300,168
2020-03-26,12.89,13.89,12.15,13.21,13.21,2589000,169
2020-03-27,12.8,12.96,12.01,12.69,12.69,2602600,170
2020-03-30,12.67,12.8,11.63,12.21,12.21,1733900,171
2020-03-31,12.49,12.7,11.9,12.34,12.34,1894700,172
2020-04-01,12.24,12.24,11.55,11.77,11.77,799200,173
2020-04-02,11.75,12.72,11.451,12.25,12.25,1462000,174
2020-04-03,12.58,12.58,11.37,12.25,12.25,1533500,175
2020-04-06,12.35,12.79,12.26,12.61,12.61,1525200,176
2020-04-07,13.25,13.91,12.68,13.03,13.03,4083800,177
2020-04-08,13.36,15.27,13.21,14.75,14.75,3268400,178
2020-04-09,15.5,15.5,14.05,14.51,14.51,2377500,179
2020-04-13,14.08,14.4,13.6,14.25,14.25,1634600,180
2020-04-14,14.5,15.14,14.05,14.75,14.75,2630700,181
2020-04-15,14.7,15.68,14.354,15.49,15.49,2363900,182
2020-04-16,16.15,16.450001,15.55,16.09,16.09,2760700,183
2020-04-17,17,17.68,15.822,16.950001,16.950001,3566400,184
2020-04-20,17.15,18.190001,16.799999,17.57,17.57,2778600,185
2020-04-21,17.74,18.799,16.6,17.200001,17.200001,2448500,186
2020-04-22,17.889999,18.143999,16.9,17.15,17.15,1640400,187
2020-04-23,17.809999,17.85,16.110001,17.530001,17.530001,2797600,188
2020-04-24,20.493999,20.75,17.6,19.35,19.35,11444900,189
2020-04-27,22.360001,22.5,19.5,19.52,19.52,9594200,190
2020-04-28,19.860001,19.9,18,18.24,18.24,5725700,191
2020-04-29,18.35,19.799999,18.35,19.4,19.4,3649400,192
2020-04-30,19.5,19.85,18.879999,19.459999,19.459999,3974800,193
2020-05-01,19.389999,20.35,19.01,20.120001,20.120001,5242400,194
2020-05-04,20.360001,21.780001,19.950001,20.99,20.99,6358100,195
2020-05-05,21.940001,22.120001,21.15,21.610001,21.610001,4574100,196
2020-05-06,21.940001,24.48,21.75,23.83,23.83,9025000,197
2020-05-07,24.299999,26.85,23.040001,23.51,23.51,13208900,198
2020-05-08,24.35,24.75,23.177999,23.450001,23.450001,5183000,199
2020-05-11,23.52,25.16,23.5,24.459999,24.459999,7682400,200
2020-05-12,26.15,28.15,24.799999,26.299999,26.299999,17382300,201
2020-05-13,27.440001,27.950001,23.5,25.855,25.855,14175800,202
2020-05-14,26.85,27.25,25.02,25.309999,25.309999,12180000,203
2020-05-15,25.889999,29.4,25.35,29.23,29.23,24708100,204
2020-05-18,31.700001,31.780001,28.5,29.549999,29.549999,17305200,205
2020-05-19,29.540001,30.41,28.23,29.57,29.57,8694000,206
2020-05-20,30.190001,30.997,29.549999,29.690001,29.690001,5879000,207
2020-05-21,29.85,29.889999,27.530001,28.549999,28.549999,7661200,208
2020-05-22,28.469999,29.48,27.559999,29.110001,29.110001,6474800,209
2020-05-26,30.5,33.5,29.66,33.389999,33.389999,11200600,210
2020-05-27,34.459999,35.650002,31.99,35.150002,35.150002,15697100,211
2020-05-28,35.709999,39.599998,34.619999,37.25,37.25,23177600,212
2020-05-29,37,39.869999,36.650002,39.700001,39.700001,14844000,213
2020-06-01,40.740002,43.98,40.009998,43.700001,43.700001,20525200,214
2020-06-02,44.540001,44.790001,39.799999,41.27,41.27,27807800,215
2020-06-03,41.509998,42.48,38.549999,40.16,40.16,20116700,216
2020-06-04,39.009998,42.474998,38.799999,40.529999,40.529999,14722200,217
2020-06-05,41.529999,41.59,39.060001,39.34,39.34,9699500,218
2020-06-08,39.93,39.93,35.549999,38,38,15237000,219
2020-06-09,37.799999,40.599998,37.18,39.41,39.41,8798500,220
2020-06-10,40.060001,40.799999,38.389999,39.110001,39.110001,7110000,221
2020-06-11,36.259998,38.200001,35.25,36.279999,36.279999,9994100,222
2020-06-12,37.889999,38.400002,35.709999,36.880001,36.880001,8143000,223
2020-06-15,35.650002,41.790001,35.5,41.790001,41.790001,17166500,224
2020-06-16,40.959999,41.799999,39.099998,40.57,40.57,11135200,225
2020-06-17,38.68,42.080002,38.5,40.720001,40.720001,18133000,226
2020-06-18,39.889999,42.799999,39.759998,40.84,40.84,15449800,227
2020-06-19,41.599998,42.529999,39.889999,42,42,46279500,228
2020-06-22,42.959999,43.75,38.130001,38.255001,38.255001,29652100,229
2020-06-23,39.75,40.533001,37.77,37.990002,37.990002,20096900,230
2020-06-24,37.950001,39.330002,36.5,37.560001,37.560001,12890300,231
2020-06-25,37,37.07,34.220001,36.07,36.07,18711400,232
2020-06-26,36.82,36.82,32.669998,33.34,33.34,24395600,233
2020-06-29,33.16,34.380001,30.82,33.540001,33.540001,20055500,234
2020-06-30,33.060001,34.650002,32.34,33.259998,33.259998,13638000,235
2020-07-01,34.060001,35.150002,33.279999,33.869999,33.869999,13891600,236
2020-07-02,34.610001,35.049999,32.849998,33.060001,33.060001,9233100,237
2020-07-06,33.73,33.98,32.16,32.419998,32.419998,9790300,238
2020-07-07,31.704,32.299999,30.450001,30.6,30.6,10303900,239
2020-07-08,30.75,33.360001,30.559999,33.099998,33.099998,11022300,240
2020-07-09,33.830002,34.240002,31.85,32.82,32.82,7927300,241
2020-07-10,32.41,33.099998,31.76,32.43,32.43,5215800,242
2020-07-13,32.549999,32.869999,29.33,29.5,29.5,11732400,243
2020-07-14,29,30.4,27.540001,30.215,30.215,13161000,244
2020-07-15,31.15,32.959999,30.799999,32.560001,32.560001,11668800,245
2020-07-16,32.5,36.119999,31.77,35.639999,35.639999,18160300,246
2020-07-17,36.650002,36.880001,34.59,35.360001,35.360001,11155100,247
2020-07-20,35.419998,36.75,34.759998,35.41,35.41,8417900,248
2020-07-21,36.299999,38.84,35.950001,37.549999,37.549999,15166900,249
2020-07-22,37.799999,38.029999,35.84,37.75,37.75,9975100,250
2020-07-23,37.662998,38.349998,35.410999,36.209999,36.209999,9840200,251
2020-07-24,35.305,37.68,34.18,37.549999,37.549999,10971300,252
2020-07-27,37.549999,38.040001,32.389999,35.115002,35.115002,27022200,253
2020-07-28,35.970001,36.099998,34.299999,34.630001,34.630001,11493800,254
2020-07-29,35,36.240002,33.57,35.889999,35.889999,11040700,255
2020-07-30,34.637001,35.650002,34.459999,34.790001,34.790001,7599900,256
2020-07-31,35.459999,35.77,32.279999,33.375,33.375,14494200,257
2020-08-03,32.84,33.290001,31.65,32.950001,32.950001,8513200,258
2020-08-04,32.380001,33.84,32.299999,33.060001,33.060001,4402900,259
2020-08-05,33.290001,33.700001,32.110001,32.549999,32.549999,4611300,260
2020-08-06,32.369999,34.27,32.369999,33.650002,33.650002,6755100,261
2020-08-07,34.450001,35.419998,33.509998,34.09,34.09,8890500,262
2020-08-10,34.049999,34.099998,30.51,31.610001,31.610001,16120100,263
2020-08-11,32.099998,33.227001,31.5,32.040001,32.040001,9547200,264
2020-08-12,32.470001,34.080002,31.91,33.740002,33.740002,8417200,265
2020-08-13,34.799999,36.169998,34.159,36.049999,36.049999,12792800,266
2020-08-14,34.004002,35.5,32.419998,33.91,33.91,24298300,267
2020-08-17,34.16,35.73,33.459999,34.68,34.68,7929900,268
2020-08-18,35,37.610001,34.869999,37.209999,37.209999,12503400,269
2020-08-19,37.009998,38.169998,36.220001,36.27,36.27,8393100,270
2020-08-20,35.5,37.02,35.099998,36.32,36.32,6016000,271
2020-08-21,36.009998,36.595001,34.645,35.150002,35.150002,6439000,272
2020-08-24,35.709999,35.900002,34.279999,35.810001,35.810001,7599300,273
2020-08-25,35.880001,40.060001,35.43,39.060001,39.060001,26762600,274
2020-08-26,39.59,40.720001,38.150002,38.860001,38.860001,16781700,275
2020-08-27,37.189999,40.439999,36.509998,39.060001,39.060001,16452900,276
2020-08-28,37.990002,38.610001,36.189999,36.32,36.32,18584400,277
2020-08-31,36.52,37.34,34.849998,35.360001,35.360001,8565800,278
2020-09-01,35.400002,37.18,35.220001,36.93,36.93,7733100,279
2020-09-02,41.07,41.293999,37.110001,39.900002,39.900002,50147500,280
2020-09-03,39.830002,40.889999,37.200001,38.27,38.27,17915500,281
2020-09-04,37.939999,38.970001,34.470001,37,37,12715300,282
2020-09-08,35.599998,38.169998,35.52,37.009998,37.009998,8492500,283
2020-09-09,38.299999,40.810001,37.099998,40.380001,40.380001,17851900,284
2020-09-10,41.075001,44.080002,40.549999,42.540001,42.540001,29967000,285
2020-09-11,43.200001,43.880001,40.299999,41.459999,41.459999,14763000,286
2020-09-14,41.970001,49.310001,40.330002,48.619999,48.619999,50201000,287
2020-09-15,47.790001,49.880001,46.511002,48.209999,48.209999,34987900,288
2020-09-16,49.91,53.254002,49.5,51.029999,51.029999,49445400,289
2020-09-17,49.099998,54.32,48.049999,53.110001,53.110001,48095500,290
2020-09-18,53.25,55.700001,52.599998,55.389999,55.389999,36566600,291
2020-09-21,53.32,53.98,49.099998,51.490002,51.490002,30988000,292
2020-09-22,52.299999,54.759998,51.669998,53.939999,53.939999,19666000,293
2020-09-23,53.944,54.958,50.009998,50.119999,50.119999,14877600,294
2020-09-24,49.400002,51.849998,47.101002,50.57,50.57,21008500,295
2020-09-25,53.470001,53.59,51.400002,53.189999,53.189999,21776800,296
2020-09-28,55.25,58.389999,53.849998,56.889999,56.889999,28655800,297
2020-09-29,57.32,59.450001,55.599998,55.740002,55.740002,32564100,298
2020-09-30,56.200001,59.119999,55.799999,58.84,58.84,19002800,299
2020-10-01,61.779999,62.73,59.82,61.830002,61.830002,24122700,300
2020-10-02,58.990002,64.190002,58.849998,63.779999,63.779999,20483900,301
2020-10-05,61.34,62.450001,58.599998,60.549999,60.549999,34511900,302
2020-10-06,59.950001,60.360001,55.799999,56.779999,56.779999,27202700,303
2020-10-07,52.860001,54.880001,52.200001,53.330002,53.330002,65474600,304
2020-10-08,54.158001,54.779999,50.610001,51.130001,51.130001,37242500,305
2020-10-09,50.75,51.700001,48.259998,48.82,48.82,29572800,306
2020-10-12,51.009998,52.52,50.330002,50.599998,50.599998,31713500,307
2020-10-13,50.849998,51.400002,49.525002,51.18,51.18,19134200,308
2020-10-14,51.509998,52.220001,47.5,47.560001,47.560001,27246700,309
2020-10-15,47.52,48.470001,44.799999,45,45,36048200,310
2020-10-16,45.5,46.529999,43.5,44.34,44.34,39295700,311
2020-10-19,44.43,44.970001,41.700001,44.580002,44.580002,49951400,312
2020-10-20,43.009998,44.970001,42.299999,42.529999,42.529999,70239700,313
2020-10-21,42.91,43.82,41.25,41.5,41.5,34853900,314
2020-10-22,41.849998,43.07,40.43,43,43,37578200,315
2020-10-23,43.117001,43.490002,41.759998,42.740002,42.740002,23078900,316
2020-10-26,42.150002,42.639999,39.349998,39.689999,39.689999,32577900,317
2020-10-27,40.540001,40.689999,37.900002,38.700001,38.700001,29019700,318
2020-10-28,37.599998,40.009998,37.119999,38.150002,38.150002,27173700,319
2020-10-29,39.099998,39.349998,37.27,37.369999,37.369999,19740600,320
2020-10-30,37.43,38.18,34.900002,35.400002,35.400002,24856800,321
2020-11-02,35.57,36.669998,35.02,35.720001,35.720001,18077400,322
2020-11-03,36.330002,37.759998,35.84,37.470001,37.470001,19587600,323
2020-11-04,39.43,40.790001,38.330002,39.459999,39.459999,28877500,324
2020-11-05,41.27,43.599998,40.82,43.029999,43.029999,31924100,325
2020-11-06,42.23,42.66,41.169998,42.32,42.32,18198500,326
2020-11-09,44.169998,44.490002,41.470001,41.5,41.5,21113400,327
2020-11-10,40.790001,41.09,38.439999,40.360001,40.360001,17118800,328
2020-11-11,40.77,41.867001,39.75,41.639999,41.639999,12613500,329
2020-11-12,40.939999,42.09,40.860001,41.25,41.25,14407200,330
2020-11-13,45.400002,45.5,42.220001,42.84,42.84,50356100,331
2020-11-16,42.400002,42.82,40.810001,42.73,42.73,15999600,332
2020-11-17,44.200001,46.830002,43.25,46.610001,46.610001,33970500,333
2020-11-18,47.099998,49.060001,46.630001,47.68,47.68,35497900,334
2020-11-19,48.75,50.02,48.139999,49.32,49.32,25892100,335
2020-11-20,49.790001,50.049999,47.389999,48.23,48.23,25416700,336
2020-11-23,48.5,48.880001,46.900002,48.029999,48.029999,18142500,337
2020-11-24,48.346001,49.040001,46.610001,47.889999,47.889999,17707600,338
2020-11-25,47.790001,51.080002,47.77,50.23,50.23,23223100,339
2020-11-27,51.82,52.98,50.707001,52.75,52.75,15833100,340
2020-11-30,53.5,53.720001,49.080002,52.360001,52.360001,24757400,341
2020-12-01,52.355999,52.66,49.939999,50.779999,50.779999,15525300,342
2020-12-02,49.360001,51.490002,48.419998,51.099998,51.099998,11952600,343
2020-12-03,50.099998,51.84,49.549999,50.060001,50.060001,14833500,344
2020-12-04,50.243,50.950001,49.080002,49.25,49.25,13044000,345
2020-12-07,49.41,50.580002,47.630001,47.93,47.93,15649000,346
2020-12-08,47.490002,50.904999,45.709999,50.849998,50.849998,28733500,347
2020-12-09,50.099998,53.439999,48.330002,48.939999,48.939999,36523000,348
2020-12-10,48.330002,50.169998,47.776001,50.110001,50.110001,13172800,349
2020-12-11,49.970001,51.299999,48.943001,50.09,50.09,14363900,350
2020-12-14,50.98,51.540001,49.77,50.580002,50.580002,12597000,351
2020-12-15,51.150002,51.18,49.810001,50.5,50.5,11735700,352
2020-12-16,50.82,54.34,50.130001,53.799999,53.799999,26323200,353
2020-12-17,53.970001,55.470001,52.799999,55.200001,55.200001,21196300,354
2020-12-18,55.169998,55.98,52.130001,53.900002,53.900002,21257500,355
2020-12-21,51.950001,54.240002,51.799999,53.34,53.34,12148000,356
2020-12-22,53.849998,54.400002,50.880001,52.400002,52.400002,12317800,357
2020-12-23,52.576,54.730999,51.41,53.889999,53.889999,13863800,358
2020-12-24,54,54.487,51.950001,52.110001,52.110001,6275300,359
2020-12-28,52.360001,52.619999,48.560001,48.959999,48.959999,15618600,360
2020-12-29,49.040001,49.5,47.279999,48.110001,48.110001,13393800,361
2020-12-30,48.060001,49.990002,47.75,48.950001,48.950001,9497200,362
2020-12-31,48.897999,48.950001,46.52,46.560001,46.560001,14606500,363
2021-01-04,47,47.23,44.5,44.860001,44.860001,14106500,364
2021-01-05,44.349998,47.779999,44.104,47.580002,47.580002,15146800,365
2021-01-06,51.341999,51.799999,47.919998,48.994999,48.994999,40876800,366
2021-01-07,50.060001,50.400002,49.215,49.77,49.77,13108800,367
2021-01-08,50.310001,52.619999,49.91,52,52,18242400,368
2021-01-11,50.900002,54.299999,49.810001,53.599998,53.599998,14488700,369
2021-01-12,53.919998,55.580002,52.709999,53.389999,53.389999,17030400,370
2021-01-13,53.509998,55.23,52.619999,54.630001,54.630001,11517600,371
2021-01-14,55.07,56.77,54.599998,54.919998,54.919998,11362000,372
2021-01-15,54.509998,55.029999,51.700001,53.700001,53.700001,10013600,373
2021-01-19,53.830002,53.919998,50.779999,51.290001,51.290001,16063800,374
2021-01-20,53.924999,54.099998,52.07,53.18,53.18,11507500,375
2021-01-21,53.580002,54.445,52.66,53.560001,53.560001,8633700,376
2021-01-22,52.889999,53.560001,51.75,52.529999,52.529999,9262400,377
2021-01-25,52.959999,53.639999,49.68,51.290001,51.290001,13377600,378
2021-01-26,53.68,56.52,52.849998,54.060001,54.060001,24225800,379
2021-01-27,53.630001,56.689999,52.09,54.27,54.27,19397200,380
2021-01-28,54.009998,57.889999,52.75,56.169998,56.169998,21573800,381
2021-01-29,56.990002,57.540001,52.610001,54.110001,54.110001,16429400,382
2021-02-01,54.540001,55.75,53.141998,54.639999,54.639999,11008700,383
2021-02-02,58.459999,60.950001,57.419998,59.310001,59.310001,31613900,384
2021-02-03,60.09,60.849998,58.389999,60.110001,60.110001,12745100,385
2021-02-04,62.330002,63.169998,60.841,63.16,63.16,16945000,386
2021-02-05,63.900002,64.510002,62.41,63.869999,63.869999,16612200,387
2021-02-08,64.720001,64.779999,60.580002,61.970001,61.970001,19914900,388
2021-02-09,62.362,63.689999,61.709999,62.130001,62.130001,11989800,389
2021-02-10,62.84,63.82,61.02,62.709999,62.709999,10321400,390
2021-02-11,62.240002,62.548,58.639999,59.189999,59.189999,14623200,391
2021-02-12,59.259998,61.169998,59.200001,61.07,61.07,7631800,392
2021-02-16,61.549999,61.73,59.939999,60.5,60.5,6184300,393
2021-02-17,59.950001,60.029999,57.634998,58.860001,58.860001,9093700,394
2021-02-18,57.860001,58.860001,56.515999,58.279999,58.279999,7262300,395
2021-02-19,60.389999,61.826,59.485001,60.91,60.91,11456200,396
2021-02-22,61.549999,63.25,60.174,60.369999,60.369999,10018200,397
2021-02-23,57.23,60.439999,52.669998,60.27,60.27,17481100,398
2021-02-24,60.514999,60.830002,58.240002,60.279999,60.279999,7356800,399
2021-02-25,60.389999,61.630001,57.209999,57.810001,57.810001,14776100,400
2021-02-26,60,62.669998,58.27,61.529999,61.529999,25952800,401
2021-03-01,63.48,68.900002,63.25,68.720001,68.720001,35903400,402
2021-03-02,68.010002,70.379997,66.889999,68.580002,68.580002,21970200,403
2021-03-03,71.830002,72.160004,64.890999,65.75,65.75,26339600,404
2021-03-04,67.169998,68.110001,60.259998,61.91,61.91,28215100,405
2021-03-05,62.060001,62.5,54.349998,59.52,59.52,25860300,406
2021-03-08,60.849998,62.310001,59.599998,60.5,60.5,14860500,407
2021-03-09,64,64.830002,61.950001,62.200001,62.200001,17112200,408
2021-03-10,64.529999,70.599998,63.790001,69.290001,69.290001,36251400,409
2021-03-11,69.519997,72.010002,68.230003,71.610001,71.610001,17064700,410
2021-03-12,69.434998,74.089996,69.080002,71.75,71.75,18728900,411
2021-03-15,68.970001,73.330002,67.099998,67.75,67.75,23326900,412
2021-03-16,70.040001,70.360001,66.011002,67.139999,67.139999,15197300,413
2021-03-17,65.75,70.779999,65.190002,70.650002,70.650002,12790500,414
2021-03-18,69.300003,71.809998,67.099998,67.610001,67.610001,15131900,415
2021-03-19,68.042,72.830002,67.919998,71.980003,71.980003,23723600,416
2021-03-22,73.190002,74.379997,69.650002,71.720001,71.720001,20582900,417
2021-03-23,71.589996,73.150002,69.089996,69.75,69.75,12610400,418
2021-03-24,70.07,70.639999,66.223999,66.629997,66.629997,13423100,419
2021-03-25,63.775002,66.349998,62.52,65.860001,65.860001,18336900,420
2021-03-26,66.029999,66.800003,60.77,63.599998,63.599998,16265600,421
2021-03-29,63.75,64.720001,58.099998,58.200001,58.200001,22224100,422
2021-03-30,59.205002,61.5,57.900002,61,61,15084700,423
2021-03-31,61.860001,62.439999,60.632,61.330002,61.330002,10469700,424
2021-04-01,62,63.279999,61.34,62.880001,62.880001,10294900,425
2021-04-05,64.019997,64.150002,62.273998,62.630001,62.630001,10105700,426
2021-04-06,62.220001,64.550003,62.105,63.799999,63.799999,10550400,427
2021-04-07,64.349998,64.599998,61.830002,62.09,62.09,11754500,428
2021-04-08,62.299999,63.080002,60.41,61.110001,61.110001,10833100,429
2021-04-09,60.880001,63.59,60.810001,62.310001,62.310001,12413100,430
2021-04-12,61.355,61.886002,57.139999,58.029999,58.029999,23952600,431
2021-04-13,58.23,59.490002,56.82,59.240002,59.240002,13399400,432
2021-04-14,59.900002,60.828999,58.799999,58.880001,58.880001,10299500,433
2021-04-15,59.665001,59.665001,56.759998,57.48,57.48,11994300,434
2021-04-16,59.514999,59.979,57.830002,57.98,57.98,15202800,435
2021-04-19,57.02,58.77,55.639999,56.68,56.68,15947400,436
2021-04-20,56,57.049999,53.759998,55.709999,55.709999,11987700,437
2021-04-21,55.490002,58.830002,54.889999,58.779999,58.779999,12019600,438
2021-04-22,59.27,59.668999,56.509998,57.169998,57.169998,12904200,439
2021-04-23,57.25,58.450001,57.240002,58.119999,58.119999,10252500,440
2021-04-26,58.150002,59.459,57.560001,59.23,59.23,8011200,441
2021-04-27,60.84,62.27,58.880001,59.130001,59.130001,13370400,442
2021-04-28,58.720001,59.889999,58.25,59.689999,59.689999,7501900,443
2021-04-29,59.82,59.990002,56.220001,57.459999,57.459999,15592800,444
2021-04-30,56.790001,58.049999,56.110001,56.66,56.66,10668300,445
2021-05-03,57.830002,58.32,56.529999,57.080002,57.080002,15797700,446
2021-05-04,56.27,56.34,53.103001,56.130001,56.130001,17944200,447
2021-05-05,56.047001,57.610001,55.834,56.18,56.18,11503500,448
2021-05-06,55.689999,55.82,50.25,51.889999,51.889999,27353900,449
2021-05-07,53.450001,53.509998,48.16,48.419998,48.419998,46018800,450
2021-05-10,47.560001,47.580002,44.459999,45.34,45.34,42216000,451
2021-05-11,42.66,45.610001,42.220001,44.009998,44.009998,29470600,452
2021-05-12,43.799999,44.790001,41.436001,42.110001,42.110001,27985800,453
2021-05-13,42.990002,43.950001,39.93,40.990002,40.990002,23688300,454
2021-05-14,41.529999,45.290001,41.439999,44.889999,44.889999,28429100,455
2021-05-17,43.720001,43.91,42.551998,43.509998,43.509998,17570400,456
2021-05-18,43.794998,45.360001,43.549999,44.27,44.27,15122700,457
2021-05-19,42.332001,43.52,41.810001,43.439999,43.439999,17567000,458
2021-05-20,43.655998,44.869999,43.380001,44.540001,44.540001,10758500,459
2021-05-21,45.145,46.119999,44.41,44.630001,44.630001,15176000,460
2021-05-24,44.834,49.259998,44.34,47.860001,47.860001,30740800,461
2021-05-25,49.169998,49.98,47.279999,48.419998,48.419998,24980800,462
2021-05-26,48.650002,49.959999,48.369999,49.459999,49.459999,13963100,463
2021-05-27,49.18,50.610001,48.52,50.400002,50.400002,11468800,464
2021-05-28,50.509998,51.919998,49.777,49.950001,49.950001,14662800,465
2021-06-01,50.200001,50.380001,48.619999,49.57,49.57,10616000,466
2021-06-02,48.779999,51.02,48.313,50.970001,50.970001,13385400,467
2021-06-03,49.810001,50.75,49.220001,49.709999,49.709999,8251300,468
2021-06-04,49.919998,50.544998,49.779999,50.330002,50.330002,6462300,469
2021-06-07,50.41,53.650002,50.32,53.509998,53.509998,14583900,470
2021-06-08,54,55.610001,52.959999,55.299999,55.299999,14881700,471
2021-06-09,55.689999,56,53.66,54.48,54.48,11349500,472
2021-06-10,54.220001,54.68,52.779999,53.650002,53.650002,8555200,473
2021-06-11,53.709999,54.68,53.02,53.139999,53.139999,7674700,474
2021-06-14,53.080002,53.099998,50.41,50.619999,50.619999,16388800,475
2021-06-15,44.949001,49.049999,44.650002,48.509998,48.509998,88027800,476
2021-06-16,48.860001,50.130001,47.490002,48.810001,48.810001,29916400,477
2021-06-17,48.054001,49.939999,48.029999,49.200001,49.200001,13294600,478
2021-06-18,48.950001,49.57,47.432999,48.060001,48.060001,12194700,479
2021-06-21,47.849998,49.25,47.02,49,49,8770600,480
2021-06-22,48.939999,50.259998,48.470001,50.16,50.16,8543200,481
2021-06-23,50.560001,51.169998,50.07,50.529999,50.529999,11443400,482
2021-06-24,51.216,51.59,50.259998,51.060001,51.060001,11042100,483
2021-06-25,51.183998,52.32,50.919998,51.669998,51.669998,30374500,484
2021-06-28,51.709999,52.759998,50.889999,52.709999,52.709999,9044000,485
2021-06-29,52.900002,52.950001,51.459999,52.029999,52.029999,7729100,486
2021-06-30,51.950001,52.799999,51.299999,52.169998,52.169998,7633300,487
2021-07-01,52.27,53.389999,51.029999,51.799999,51.799999,8484300,488
2021-07-02,51.919998,52.360001,50.57,51.279999,51.279999,6020300,489
2021-07-06,51.150002,51.935001,50.77,51.490002,51.490002,5945100,490
2021-07-07,51.330002,52.299999,48.610001,48.75,48.75,10149800,491
2021-07-08,46.360001,48.759998,46.220001,48.259998,48.259998,7353300,492
2021-07-09,48.299999,50.380001,47.450001,49.09,49.09,10061800,493
2021-07-12,49.198002,49.596001,48.139999,49.16,49.16,5037000,494
2021-07-13,48.880001,49.07,47.700001,47.73,47.73,6463100,495
2021-07-14,48.07,48.076,44.52,44.849998,44.849998,13782000,496
2021-07-15,44.403999,45.669998,43.509998,44.830002,44.830002,11560400,497
2021-07-16,44.98,45.060001,43.299999,43.790001,43.790001,13752200,498
2021-07-19,42.57,45.68,42.209999,44.66,44.66,13045600,499
2021-07-20,44.762001,46.119999,43.84,45.82,45.82,8024800,500
2021-07-21,46.919998,49.179001,46.580002,48.880001,48.880001,15419000,501
2021-07-22,48.900002,49.310001,48.130001,49.240002,49.240002,6725300,502
2021-07-23,49.293999,50.009998,48.674999,49.330002,49.330002,7041700,503
2021-07-26,49.18,49.860001,48.229,49.220001,49.220001,6437000,504
2021-07-27,48.84,49.669998,47.400002,48.77,48.77,8103100,505
2021-07-28,48.98,50.900002,48.900002,50.650002,50.650002,9487700,506
2021-07-29,50.904999,51.27,49.639999,49.790001,49.790001,7788500,507
2021-07-30,49.360001,50.029999,48.060001,48.5,48.5,7637300,508
2021-08-02,48.900002,49.873001,48.499001,49,49,5941800,509
2021-08-03,48.810001,48.959999,47.470001,48.389999,48.389999,6279600,510
2021-08-04,47.990002,49.189999,47.75,48.669998,48.669998,5284900,511
2021-08-05,48.950001,50.720001,48.549999,50.48,50.48,11230600,512
2021-08-06,52.785999,53.790001,50.16,51.59,51.59,32429800,513
2021-08-09,52.5,52.950001,50.959999,52.360001,52.360001,27050600,514
2021-08-10,52.459999,53.970001,51.619999,51.98,51.98,19360300,515
2021-08-11,52.02,52.689999,50.721001,52.18,52.18,10967700,516
2021-08-12,52.16,54.720001,51.521999,54.610001,54.610001,17316300,517
2021-08-13,54.639999,54.681,53.23,53.5,53.5,12159900,518
2021-08-16,52.804001,53.240002,51.509998,52.459999,52.459999,8602700,519
2021-08-17,51.84,52.139999,50.720001,51.110001,51.110001,7781000,520
2021-08-18,51.299999,53.09,51.171001,52.099998,52.099998,8370000,521
2021-08-19,51.419998,52.159,50.970001,51.540001,51.540001,8027700,522
2021-08-20,51.450001,52.369999,51.25,52.009998,52.009998,5251800,523
2021-08-23,52.27,53.900002,52.189999,53.32,53.32,7385600,524
2021-08-24,54.080002,56.830002,53.470001,56.470001,56.470001,15978400,525
2021-08-25,56.990002,60.369999,56.5,60.110001,60.110001,26183000,526
2021-08-26,59.689999,60.32,57.523998,57.860001,57.860001,15465200,527
2021-08-27,58.139999,61.77,57.799999,60.009998,60.009998,13053200,528
2021-08-30,60.110001,60.380001,58.650002,59.25,59.25,11664900,529
2021-08-31,59.419998,60.400002,58.759998,59.290001,59.290001,14993900,530
2021-09-01,59.380001,61.59,59.299999,60.209999,60.209999,11668100,531
2021-09-02,60.599998,61.68,59.84,61.07,61.07,8366100,532
2021-09-03,61.07,61.139999,60.040001,61.02,61.02,6936200,533
2021-09-07,61.435001,64.18,61.235001,63.580002,63.580002,16929100,534
2021-09-08,63.749001,64.580002,62.380001,63.389999,63.389999,13095400,535
2021-09-09,63.23,64.5,62.82,63.669998,63.669998,10012100,536
2021-09-10,64.084999,64.489998,62.419998,62.459999,62.459999,8569000,537
2021-09-13,62.900002,62.98,59.25,60.459999,60.459999,11673900,538
2021-09-14,60.007,61.330002,58.820999,59.049999,59.049999,8923600,539
2021-09-15,59.110001,60.549999,58.540001,59.84,59.84,7993500,540
2021-09-16,59.59,60.18,59.060001,59.970001,59.970001,5754300,541
2021-09-17,60.023998,60.84,59.115002,60.419998,60.419998,9419300,542
2021-09-20,57.950001,58.939999,55.990002,57,57,11255200,543
2021-09-21,56.009998,58.02,52.330002,52.77,52.77,40173800,544
2021-09-22,52.450001,53.290001,51.570999,52.630001,52.630001,20423400,545
2021-09-23,52.919998,53.849998,51.529999,51.75,51.75,18873700,546
2021-09-24,51.580002,52.32,50.950001,51.330002,51.330002,10630000,547
2021-09-27,51.25,51.889999,50.419998,51.389999,51.389999,9496200,548
2021-09-28,50.650002,51.209,49.41,49.93,49.93,11528600,549
2021-09-29,50,50.450001,48.105,48.32,48.32,13936600,550
2021-09-30,48.459999,48.990002,47.540001,48.16,48.16,10865800,551
2021-10-01,48.59,50.790001,48.470001,50.560001,50.560001,12745600,552
2021-10-04,50.330002,50.764999,48.27,48.459999,48.459999,12381400,553
2021-10-05,48.720001,50.540001,48.48,49.290001,49.290001,10037900,554
2021-10-06,48.790001,49.790001,48.450001,48.990002,48.990002,8230900,555
2021-10-07,49.779999,51.07,49.275002,49.369999,49.369999,10690800,556
2021-10-08,49.5,49.82,47.82,47.91,47.91,11820400,557
2021-10-11,48.48,49.93,48.389999,48.880001,48.880001,10683200,558
2021-10-12,48.799999,49.900002,48.490002,48.939999,48.939999,8954200,559
2021-10-13,49.610001,50.490002,49.560001,49.82,49.82,9327600,560
2021-10-14,50.240002,51.299999,49.32,49.360001,49.360001,11330800,561
2021-10-15,49.5,49.75,47.84,48.080002,48.080002,21321900,562
2021-10-18,48.119999,49.619999,47.939999,48.650002,48.650002,10436000,563
2021-10-19,49.027,50.23,48.009998,48.84,48.84,15687300,564
2021-10-20,48.91,49.630001,48.411999,49.09,49.09,8417200,565
2021-10-21,49.200001,49.904999,48.759998,48.919998,48.919998,7307900,566
2021-10-22,48.549999,48.549999,46.07,46.110001,46.110001,19040100,567
2021-10-25,46.049999,47.349998,45.362999,46.82,46.82,10974300,568
2021-10-26,49.610001,50.48,48.389999,48.75,48.75,26186700,569
2021-10-27,48.73,49.453999,47.740002,47.830002,47.830002,9071600,570
2021-10-28,48.23,48.23,46.66,47.18,47.18,9316800,571
2021-10-29,47.355,47.799999,46.349998,46.59,46.59,8278800,572
2021-11-01,46.950001,49.119999,46.749001,49.02,49.02,9215600,573
2021-11-02,48.044998,48.150002,46.700001,47.599998,47.599998,12777800,574
2021-11-03,47.790001,48.169998,46.450001,46.84,46.84,11842200,575
2021-11-04,47.34,47.419998,43.68,44.68,44.68,30306800,576
2021-11-05,42.365002,45.970001,42.150002,43.619999,43.619999,37300600,577
2021-11-08,43.880001,45.139999,43.040001,44.779999,44.779999,16813900,578
2021-11-09,44.889999,45.25,42.650002,43.049999,43.049999,15060800,579
2021-11-10,42.549999,43.09,40.639999,41.080002,41.080002,17967400,580
2021-11-11,41.25,41.75,40.619999,40.709999,40.709999,12471100,581
2021-11-12,40.855999,41.900002,39.970001,40.509998,40.509998,13356800,582
2021-11-15,40.785999,41.264999,39.169998,39.360001,39.360001,15767700,583
2021-11-16,39.43,39.869999,38.330002,39.279999,39.279999,16767200,584
2021-11-17,39.256001,39.5,37.759998,37.869999,37.869999,13296500,585
2021-11-18,37.869999,38.59,36.349998,36.619999,36.619999,17188600,586
2021-11-19,36.619999,37.57,35.919998,36.139999,36.139999,14870900,587
2021-11-22,36.41,37.450001,35.82,36.790001,36.790001,18573800,588
2021-11-23,36.810001,37.709999,34.419998,35.040001,35.040001,22711400,589
2021-11-24,34.75,35.900002,34.75,35.580002,35.580002,11147700,590
2021-11-26,34.889999,36.200001,34.750999,36.040001,36.040001,8430900,591
2021-11-29,36.450001,36.57,34.52,35.200001,35.200001,13816000,592
2021-11-30,34.957001,35.27,33.330002,34.549999,34.549999,15837500,593
2021-12-01,34.75,34.970001,31.139999,31.24,31.24,21487800,594
2021-12-02,31.051001,32.549999,30.41,31.299999,31.299999,27871000,595
2021-12-03,31.200001,31.23,27.475,28.370001,28.370001,30225200,596
2021-12-06,28.155001,31.07,27.52,30.68,30.68,24490500,597
2021-12-07,31.9,32.68,31.139999,31.27,31.27,20969400,598
2021-12-08,31.41,33.93,30.83,33.380001,33.380001,14173300,599
2021-12-09,32.610001,33.259998,31.379999,31.450001,31.450001,13554600,600
2021-12-10,31.575001,32.469002,30.105,30.41,30.41,10930200,601
2021-12-13,30.110001,30.49,28.58,28.85,28.85,11045200,602
2021-12-14,28.125,28.93,27.68,27.809999,27.809999,15691100,603
2021-12-15,27.780001,29.07,26.67,28.67,28.67,19109400,604
2021-12-16,29.389999,29.4,26.42,26.98,26.98,20219400,605
2021-12-17,26.627001,29.23,25.799999,28.67,28.67,23234700,606
2021-12-20,27.843,28.65,27.32,27.9,27.9,12981400,607
2021-12-21,28.15,30.469999,28.15,30.309999,30.309999,14291800,608
2021-12-22,30.110001,30.709999,29.409,29.57,29.57,13469000,609
2021-12-23,29.83,30.02,28.82,29.440001,29.440001,12680500,610
2021-12-27,29.49,29.514999,27.98,28.200001,28.200001,13814800,611
2021-12-28,27.85,28.608999,27.084999,27.32,27.32,13552100,612
2021-12-29,27.181,27.23,25.959999,26.59,26.59,15330500,613
2021-12-30,26.445999,28.74,26.4,28.459999,28.459999,16469800,614
2021-12-31,28.235001,28.799999,27.434999,27.469999,27.469999,14274700,615
2022-01-03,27.844999,28.549999,26.969999,27.77,27.77,11252200,616
2022-01-04,27.75,27.870001,26.110001,26.629999,26.629999,15306200,617
2022-01-05,26.5,26.91,24.059999,24.65,24.65,22277000,618
2022-01-06,24.5,26.469999,23.209999,25.799999,25.799999,30469400,619
2022-01-07,26.02,27.98,25.790001,27.24,27.24,26266200,620
2022-01-10,26.832001,27.1,24.83,26.129999,26.129999,24335600,621
2022-01-11,25.700001,27.6,25.1,26.940001,26.940001,22672700,622
2022-01-12,27.24,27.9,25.929001,26.1,26.1,17295400,623
2022-01-13,26.1,26.540001,24.145,24.24,24.24,19915900,624
2022-01-14,24.049999,24.539,22.41,23.190001,23.190001,31809700,625
2022-01-18,22.860001,23.219999,22.120001,22.18,22.18,19270000,626
2022-01-19,22.389999,22.85,21.33,21.4,21.4,24059700,627
2022-01-20,21.756001,22.639999,20.57,20.67,20.67,20742800,628
2022-01-21,20.26,20.950001,19.33,19.459999,19.459999,34674000,629
2022-01-24,18.77,20.16,17.41,20.030001,20.030001,39538100,630
2022-01-25,19.360001,20.280001,18.725,19.32,19.32,23104900,631
2022-01-26,20.9,22.82,20.17,20.33,20.33,90381900,632
2022-01-27,20.73,21.6,19.200001,19.389999,19.389999,43106800,633
2022-01-28,19.433001,20.879999,18.889999,20.639999,20.639999,35332500,634
2022-01-31,20.700001,22.27,20.66,22.09,22.09,27295700,635
2022-02-01,22.209999,23.709999,21.709999,23.68,23.68,32944500,636
2022-02-02,23.5,23.58,21.67,21.790001,21.790001,26853600,637
2022-02-03,21.18,22.35,20.5,20.549999,20.549999,23275200,638
2022-02-04,20.629999,22.02,20.33,21.889999,21.889999,20428300,639
2022-02-07,21.85,22.848,21.17,21.5,21.5,17984000,640
2022-02-08,21.4,22.197001,21.030001,22.120001,22.120001,15950600,641
2022-02-09,22.4,23.450001,22.110001,23.42,23.42,19182900,642
2022-02-10,22.799999,24.18,22.530001,22.780001,22.780001,21193100,643
2022-02-11,22.950001,24.73,22.879999,23.33,23.33,32477600,644
2022-02-14,22.860001,23.85,22.025,22.200001,22.200001,25269200,645
2022-02-15,22.700001,23.754999,22.030001,23.73,23.73,20122200,646
2022-02-16,23.17,23.559999,22.610001,22.99,22.99,16536700,647
2022-02-17,22.690001,23.43,21.9,22.059999,22.059999,24266900,648
2022-02-18,18.995001,19.48,17.225,17.290001,17.290001,80421500,649
2022-02-22,16.625,18.959999,16.559999,18.59,18.59,44543100,650
2022-02-23,19.24,20.940001,19.049999,19.629999,19.629999,66295600,651
2022-02-24,18.34,21.870001,18.120001,21.83,21.83,39866100,652
2022-02-25,21.41,22.24,20.299999,22.200001,22.200001,28056200,653
2022-02-28,22.5,23.709999,21.76,23.68,23.68,30172700,654
2022-03-01,23.299999,25.009001,23.18,23.52,23.52,34459100,655
2022-03-02,23.85,24.15,22.030001,23.190001,23.190001,29020100,656
2022-03-03,23.516001,23.773001,20.65,20.91,20.91,34113000,657
2022-03-04,21.280001,22.110001,20.440001,20.690001,20.690001,22693800,658
2022-03-07,20.58,20.889999,18,18.049999,18.049999,29401000,659
2022-03-08,18.139999,18.48,16.889999,17.379999,17.379999,31331300,660
2022-03-09,17.99,18.379999,17.459999,17.780001,17.780001,25492200,661
2022-03-10,17.799999,17.93,16.77,17.58,17.58,31374400,662
2022-03-11,17.73,17.754999,16.055,16.110001,16.110001,27352800,663
2022-03-14,15.925,16.344999,15.12,15.26,15.26,25551800,664
2022-03-15,15.3,16.219999,14.97,16.129999,16.129999,24409800,665
2022-03-16,16.620001,18.360001,16.33,18.32,18.32,37070300,666
2022-03-17,17.780001,19.087999,17.549999,18.99,18.99,24421100,667
2022-03-18,18.549999,19.879999,18.540001,19.620001,19.620001,21542000,668
2022-03-21,19.26,19.549999,18.35,18.790001,18.790001,20654600,669
2022-03-22,18.790001,20.16,18.681,19.41,19.41,23369300,670
2022-03-23,19.209999,19.855,18.780001,18.91,18.91,18585200,671
2022-03-24,18.959999,19.23,17.99,19.049999,19.049999,18615600,672
2022-03-25,19.040001,19.16,18.01,18.200001,18.200001,16711100,673
2022-03-28,18.389999,18.99,17.629999,18.65,18.65,24039600,674
2022-03-29,18.940001,20.93,18.709999,20.690001,20.690001,27093500,675
2022-03-30,20.290001,21.26,20.02,20.41,20.41,17465900,676
2022-03-31,20.379999,20.559999,19.459999,19.469999,19.469999,15348600,677
2022-04-01,19.57,19.959999,18.76,19.049999,19.049999,16427600,678
2022-04-04,19.389999,21.025,19.23,20.41,20.41,21704800,679
2022-04-05,20.34,20.48,19.01,19.049999,19.049999,15786200,680
2022-04-06,18.65,18.9,17.139999,17.68,17.68,22364800,681
2022-04-07,17.610001,18.040001,16.485001,17.200001,17.200001,19073500,682
2022-04-08,16.969999,17.148001,16.295,16.379999,16.379999,20291100,683
2022-04-11,16.094999,17.360001,15.905,16.870001,16.870001,21490900,684
2022-04-12,17.030001,17.85,16.24,16.41,16.41,20997700,685
2022-04-13,16.41,17.209999,16.209999,16.75,16.75,17683100,686
2022-04-14,16.76,16.870001,16.299999,16.49,16.49,16451500,687
2022-04-18,16.42,16.450001,15.561,15.98,15.98,17666600,688
2022-04-19,16.030001,17.219999,15.845,16.879999,16.879999,20319800,689
2022-04-20,16.76,16.9,15.56,15.56,15.56,21009300,690
2022-04-21,15.92,15.99,14.181,14.36,14.36,26903000,691
2022-04-22,14.42,14.715,13.73,14.03,14.03,24032800,692
2022-04-25,13.95,14.69,13.759,14.68,14.68,22899500,693
2022-04-26,14.41,14.68,13.795,13.96,13.96,20057100,694
2022-04-27,13.93,14.32,13.51,13.87,13.87,22883700,695
2022-04-28,14.07,14.33,13.06,14.1,14.1,25428400,696
2022-04-29,14.05,14.8,13.64,13.68,13.68,21999600,697
2022-05-02,13.7,15,13.49,14.99,14.99,23857200,698
2022-05-03,14.852,15.56,14.75,15.08,15.08,23165100,699
2022-05-04,15.08,15.88,14.495,15.73,15.73,30428400,700
2022-05-05,15.55,15.564,13.88,14.44,14.44,19845800,701
2022-05-06,15,15.043,12.965,13.15,13.15,41470100,702
2022-05-09,12.715,12.88,10.92,10.99,10.99,37960100,703
2022-05-10,11.47,11.75,10.38,11.36,11.36,32385800,704
2022-05-11,11,11.7,10.22,10.27,10.27,31914700,705
2022-05-12,10.14,11.73,9.77,11.37,11.37,32161300,706
2022-05-13,11.63,12.67,11.63,12.61,12.61,31943200,707
2022-05-16,13.14,13.465,12.4,12.48,12.48,27912000,708
2022-05-17,12.86,13.87,12.66,13.86,13.86,25139200,709
2022-05-18,13.47,14.65,13.31,13.86,13.86,28695300,710
2022-05-19,13.73,14.66,13.585,14.15,14.15,25029100,711
2022-05-20,14.27,14.55,13.19,14.03,14.03,22641200,712
2022-05-23,14.01,14.31,13.56,13.94,13.94,17321900,713
2022-05-24,13.71,14.12,13.31,13.51,13.51,19925100,714
2022-05-25,13.44,14.28,13.403,14.13,14.13,17223400,715
2022-05-26,13.99,14.63,13.9,14.24,14.24,18740400,716
2022-05-27,14.43,14.869,14.245,14.72,14.72,19052700,717
2022-05-31,14.71,14.785,13.16,13.55,13.55,49496800,718
2022-06-01,13.59,13.84,13.28,13.51,13.51,17530700,719
2022-06-02,13.47,14.415,13.419,14.26,14.26,21014900,720
2022-06-03,13.92,13.95,12.64,12.72,12.72,28943000,721
2022-06-06,12.86,13.36,12.655,13.08,13.08,19539900,722
2022-06-07,12.74,13.09,12.56,12.95,12.95,16145100,723
2022-06-08,12.83,14.655,12.8,14.33,14.33,29928700,724
2022-06-09,14.19,14.59,13.75,13.82,13.82,19620100,725
2022-06-10,13.35,13.88,13.015,13.1,13.1,23004600,726
2022-06-13,12.28,12.6,10.93,11.03,11.03,21620700,727
2022-06-14,11.14,11.84,10.61,11.61,11.61,17492700,728
2022-06-15,11.63,12.55,11.57,12.23,12.23,22534400,729
2022-06-16,11.73,11.86,10.515,10.72,10.72,21022800,730
2022-06-17,10.84,11.62,10.775,11.42,11.42,17556400,731
2022-06-21,11.725,12.5,11.632,12.17,12.17,20143500,732
2022-06-22,11.87,13.03,11.87,12.52,12.52,18560700,733
2022-06-23,12.62,13.23,12.55,13.08,13.08,24425700,734
2022-06-24,13.27,14.19,13.23,14.15,14.15,24426800,735
2022-06-27,14.255,14.38,13.28,13.6,13.6,15179800,736
2022-06-28,13.82,14.21,12.65,12.76,12.76,16189300,737
2022-06-29,12.56,12.773,12.242,12.41,12.41,11051200,738
2022-06-30,12.185,12.31,11.435,11.67,11.67,17939900,739
2022-07-01,11.75,12.085,11.481,11.77,11.77,14142700,740
2022-07-05,11.61,12.98,11.26,12.97,12.97,21412300,741
2022-07-06,12.86,13.34,12.31,12.37,12.37,16542800,742
2022-07-07,12.31,13.125,12.165,13.1,13.1,15452600,743
2022-07-08,12.71,13.2,12.535,12.74,12.74,15168400,744
2022-07-11,12.53,12.64,11.37,11.43,11.43,17568800,745
2022-07-12,11.51,12.01,11.3,11.85,11.85,14878600,746
2022-07-13,11.29,12.04,11.215,11.72,11.72,14166800,747
2022-07-14,11.55,11.69,11.123,11.22,11.22,16083800,748
2022-07-15,11.45,12.915,11.36,12.86,12.86,32407900,749
2022-07-18,13.18,13.505,12.81,13,13,24185600,750
2022-07-19,13.26,13.63,13.17,13.49,13.49,16169500,751
2022-07-20,13.54,14.61,13.52,14.28,14.28,19621700,752
2022-07-21,14.09,14.42,13.92,14.27,14.27,11663100,753
2022-07-22,14.44,14.55,13.16,13.53,13.53,18510400,754
2022-07-25,13.465,13.72,13.22,13.39,13.39,11189300,755
2022-07-26,13.06,13.16,12.56,12.65,12.65,12157200,756
2022-07-27,13.1,13.69,12.87,13.68,13.68,13610100,757
2022-07-28,13.67,14.01,13.15,13.73,13.73,11609400,758
2022-07-29,13.53,13.765,13.15,13.73,13.73,13384300,759
2022-08-01,13.58,14.27,13.28,14.11,14.11,13682100,760
2022-08-02,13.85,15.578,13.75,15.37,15.37,26099400,761
2022-08-03,15.75,16.91,15.46,16.82,16.82,23566500,762
2022-08-04,16.9,16.950001,15.98,16.360001,16.360001,25667400,763
2022-08-05,17.799999,19.530001,17.25,17.959999,17.959999,57136200,764
2022-08-08,17.940001,19.290001,17.92,18.43,18.43,31818100,765
2022-08-09,18,18.75,17.52,17.889999,17.889999,19500100,766
2022-08-10,18.74,19.379999,18.190001,19.35,19.35,24278700,767
2022-08-11,19.9,20.299999,18.52,18.540001,18.540001,28115600,768
2022-08-12,19.07,20.700001,18.85,20.67,20.67,37340300,769
2022-08-15,20.305,21.120001,20.219999,20.799999,20.799999,21002500,770
2022-08-16,20.52,21.450001,20.379999,20.66,20.66,21481300,771
2022-08-17,20.41,21.049999,20.08,20.57,20.57,24073700,772
2022-08-18,20.67,20.68,19.444,19.58,19.58,21127300,773
2022-08-19,18.99,19.1,17.985001,18.139999,18.139999,26744500,774
2022-08-22,17.41,18.014999,17.030001,17.24,17.24,19140800,775
2022-08-23,17.370001,17.719999,17.02,17.059999,17.059999,14490800,776
2022-08-24,17.059999,17.889999,16.945,17.450001,17.450001,14615900,777
2022-08-25,17.684,17.969999,17.25,17.43,17.43,14897000,778
2022-08-26,17.450001,17.629999,16.370001,16.530001,16.530001,16473100,779
2022-08-29,16.27,16.92,16.16,16.5,16.5,14027700,780
2022-08-30,16.76,17.030001,16.059999,16.379999,16.379999,15356400,781
2022-08-31,16.68,16.889999,15.875,16.059999,16.059999,12476800,782
2022-09-01,15.78,15.97,15.07,15.96,15.96,15511400,783
2022-09-02,16.290001,16.34,15.26,15.49,15.49,16391300,784
2022-09-06,15.83,15.945,15.15,15.68,15.68,15792600,785
2022-09-07,15.635,16.469999,15.629,16.360001,16.360001,14852000,786
2022-09-08,16.040001,17.040001,16.02,16.99,16.99,16916300,787
2022-09-09,17.325001,17.729,17.1,17.629999,17.629999,17769900,788
2022-09-12,17.85,18.32,17.5,18.200001,18.200001,23635300,789
2022-09-13,17.379999,18.030001,17.045,17.35,17.35,24297200,790
2022-09-14,17.290001,18.42,17.149,18.4,18.4,24624600,791
2022-09-15,18.254999,19.790001,18.17,19.219999,19.219999,30347800,792
2022-09-16,18.690001,19.1,18.360001,18.6,18.6,26590700,793
2022-09-19,18.370001,18.780001,18.27,18.67,18.67,13534900,794
2022-09-20,18.5,18.690001,17.450001,17.469999,17.469999,19373400,795
2022-09-21,17.299999,17.719999,16.684999,16.719999,16.719999,18588900,796
2022-09-22,16.51,16.780001,15.485,15.58,15.58,16244400,797
2022-09-23,15.37,15.65,14.57,14.98,14.98,15357500,798
2022-09-26,15.14,15.68,14.57,14.59,14.59,17089100,799
2022-09-27,15.03,15.89,14.875,15.32,15.32,19710600,800
2022-09-28,15.37,16.02,15.1,15.88,15.88,18360100,801
2022-09-29,15.56,15.759,14.92,15.33,15.33,17791900,802
2022-09-30,15.06,15.819,14.94,15.14,15.14,14684900,803
2022-10-03,15.43,15.59,14.62,15.4,15.4,12607400,804
2022-10-04,16.120001,17,16.075001,16.85,16.85,19716200,805
2022-10-05,16.41,16.870001,16.07,16.700001,16.700001,17726900,806
2022-10-06,16.450001,17.040001,15.95,16.040001,16.040001,18365200,807
2022-10-07,16.99,17.450001,16.18,16.57,16.57,39454500,808
2022-10-10,16.32,16.34,14.25,14.28,14.28,37035400,809
2022-10-11,14.17,14.47,12.585,13.68,13.68,39832100,810
2022-10-12,13.42,13.69,12.8,13.49,13.49,21782700,811
2022-10-13,12.75,13.5,12.44,13.22,13.22,28071100,812
2022-10-14,13.42,13.8,12.345,12.48,12.48,21337500,813
2022-10-17,12.88,13.55,12.83,13.15,13.15,17847000,814
2022-10-18,13.8,13.89,13.24,13.55,13.55,18722700,815
2022-10-19,13.35,13.49,12.93,13.14,13.14,13509600,816
2022-10-20,13.1,13.715,13.04,13.31,13.31,13615200,817
2022-10-21,13.12,13.62,12.875,13.21,13.21,25762600,818
2022-10-24,13.105,13.15,12.45,13.07,13.07,15419700,819
2022-10-25,13.12,14.165,13.12,14.1,14.1,17077000,820
2022-10-26,13.86,15.27,13.794,14.6,14.6,20322300,821
2022-10-27,14.805,15.3,14.48,14.62,14.62,14526300,822
2022-10-28,14.74,15.17,14.46,15.12,15.12,13706200,823
2022-10-31,15.21,16.01,15.04,15.8,15.8,20675500,824
2022-11-01,16.33,16.77,16.030001,16.450001,16.450001,21875700,825
2022-11-02,16.83,17.25,15.85,15.92,15.92,26479300,826
2022-11-03,15.75,16.030001,15.22,15.67,15.67,22034900,827
2022-11-04,13.25,14.02,11.12,11.31,11.31,79047400,828
2022-11-07,11.56,11.88,10.85,11.8,11.8,33859700,829
2022-11-08,11.92,12.907,11.76,12.55,12.55,32758400,830
2022-11-09,12,12.28,11.4,11.66,11.66,26101400,831
2022-11-10,12.6,13.68,12.4,13.64,13.64,31840600,832
2022-11-11,13.68,15.005,13.51,14.88,14.88,25570500,833
2022-11-14,14.59,15.25,14.43,14.74,14.74,15626800,834
2022-11-15,15.24,15.77,15.06,15.42,15.42,15989000,835
2022-11-16,15.08,15.42,14.64,14.86,14.86,16429900,836
2022-11-17,14.382,15.19,14.22,14.9,14.9,10359900,837
2022-11-18,15.64,15.84,14.96,15.05,15.05,17724800,838
2022-11-21,14.83,15.255,13.37,14.29,14.29,41140900,839
2022-11-22,14.31,14.71,13.965,14.69,14.69,11117700,840
2022-11-23,14.82,15.4,14.71,15.34,15.34,10958600,841
2022-11-25,15.18,15.22,14.91,15.14,15.14,5359300,842
2022-11-28,14.31,14.87,14.22,14.5,14.5,12625700,843
2022-11-29,14.685,15.07,14.365,14.44,14.44,11320700,844
2022-11-30,14.57,15.37,14.42,15.32,15.32,17280500,845
2022-12-01,15.4,15.76,14.9,15.52,15.52,11798900,846
2022-12-02,15.03,15.53,14.9,15.49,15.49,12099900,847
2022-12-05,15.42,15.87,14.74,14.83,14.83,9863600,848
2022-12-06,14.915,14.96,13.97,14.2,14.2,10278300,849
2022-12-07,14.09,14.28,13.705,13.9,13.9,8118400,850
2022-12-08,14.14,14.755,13.86,14.61,14.61,10399600,851
2022-12-09,14.46,14.745,13.875,13.96,13.96,10912100,852
2022-12-12,13.58,14.51,13.46,14.31,14.31,14407700,853
2022-12-13,15.23,15.47,13.5,13.77,13.77,21712300,854
2022-12-14,13.694,14.46,13.34,13.55,13.55,13798900,855
2022-12-15,13.23,13.37,12.58,12.63,12.63,13460300,856
2022-12-16,12.52,12.64,11.98,12.12,12.12,18662800,857
2022-12-19,11.96,12.105,11.55,11.66,11.66,10035700,858
2022-12-20,11.665,12.03,11.5,11.83,11.83,11987000,859
2022-12-21,12.02,12.19,11.75,11.77,11.77,9002600,860
2022-12-22,11.66,11.717,11.065,11.6,11.6,14300100,861
2022-12-23,11.6,11.756,11.365,11.53,11.53,8163300,862
2022-12-27,11.39,11.42,10.85,10.91,10.91,8961000,863
2022-12-28,10.86,11.12,10.694,11.05,11.05,9422700,864
2022-12-29,11.19,11.66,11.13,11.27,11.27,10456400,865
2022-12-30,11.01,11.46,10.94,11.39,11.39,11399300,866
2023-01-03,11.66,11.76,10.98,11.05,11.05,9132300,867
2023-01-04,11.25,11.82,11.085,11.71,11.71,10221500,868
2023-01-05,11.48,11.65,11.22,11.48,11.48,6736300,869
2023-01-06,11.53,11.79,11.14,11.63,11.63,8601100,870
2023-01-09,11.85,12.29,11.76,12.07,12.07,15138600,871
2023-01-10,11.975,12.73,11.83,12.71,12.71,11489800,872
2023-01-11,12.87,13.21,12.66,13.07,13.07,12018200,873
2023-01-12,13.28,13.65,12.81,13.63,13.63,10507700,874
2023-01-13,13.39,14.21,13.37,14.11,14.11,10146200,875
2023-01-17,14.12,14.36,13.85,14.17,14.17,10146800,876
2023-01-18,14.54,14.71,13.805,13.89,13.89,12369800,877
2023-01-19,13.695,13.779,13.41,13.44,13.44,9032800,878
2023-01-20,13.63,14.01,13.51,13.88,13.88,10660400,879
2023-01-23,14,14.6,13.87,14.56,14.56,13583000,880
2023-01-24,14.36,15,14.32,14.92,14.92,10150300,881
2023-01-25,14.54,14.656,13.88,14.55,14.55,12766500,882
2023-01-26,14.91,15.04,14.01,14.3,14.3,12383400,883
2023-01-27,14.26,15.3,14.19,15.04,15.04,15616800,884
2023-01-30,14.87,15.309,14.64,14.65,14.65,11629400,885
2023-01-31,14.87,15.235,14.56,14.99,14.99,11350200,886
2023-02-01,15.04,16.59,15.03,16.48,16.48,20518600,887
2023-02-02,17.049999,17.5,16.620001,17.02,17.02,19723100,888
2023-02-03,16.280001,17.655001,16.190001,16.870001,16.870001,15694200,889
2023-02-06,16.51,17.014999,16.4,16.950001,16.950001,9746400,890
2023-02-07,16.940001,17.690001,16.674999,17.530001,17.530001,19779600,891
2023-02-08,17.530001,17.99,17.440001,17.67,17.67,12161000,892
2023-02-09,17.34,17.871,16.381001,16.530001,16.530001,14420900,893
2023-02-10,16.23,16.365,15.56,15.99,15.99,14631700,894